{"cameraMode":{"drawMode":0,"name":"Shaded","section":"Shading Mode"},"sceneLighting":false,"audioPlay":false,"sceneViewState":{"m_AlwaysRefresh":false,"showFog":true,"showSkybox":false,"showFlares":true,"showImageEffects":true,"showParticleSystems":true,"showVisualEffectGraphs":true,"m_FxEnabled":true},"in2DMode":false,"pivot":{"x":-1.1481764316558838,"y":1.6882989406585694,"z":1.1920928955078126e-7},"rotation":{"x":-0.00035583815770223737,"y":-0.9996265172958374,"z":0.01680607907474041,"w":-0.026060035452246667},"size":2.100691318511963,"orthographic":false}