{"cameraMode":{"drawMode":0,"name":"Shaded","section":"Shading Mode"},"sceneLighting":false,"audioPlay":false,"sceneViewState":{"m_AlwaysRefresh":false,"showFog":true,"showSkybox":false,"showFlares":true,"showImageEffects":true,"showParticleSystems":true,"showVisualEffectGraphs":true,"m_FxEnabled":true},"in2DMode":false,"pivot":{"x":2.5330591201782228,"y":2.1208341121673586,"z":5.095095157623291},"rotation":{"x":0.000581409374717623,"y":-0.9980137348175049,"z":0.06326839327812195,"w":0.009913193061947823},"size":3.013317584991455,"orthographic":false}