{"cameraMode":{"drawMode":0,"name":"Shaded","section":"Shading Mode"},"sceneLighting":false,"audioPlay":false,"sceneViewState":{"m_AlwaysRefresh":false,"showFog":true,"showSkybox":false,"showFlares":true,"showImageEffects":true,"showParticleSystems":true,"showVisualEffectGraphs":true,"m_FxEnabled":true},"in2DMode":false,"pivot":{"x":2.980232238769531e-7,"y":0.6260061860084534,"z":0.016273371875286104},"rotation":{"x":0.007956772111356259,"y":-0.9771528244018555,"z":-0.03479449450969696,"w":-0.2103348821401596},"size":0.7173507809638977,"orthographic":false}